{"alpha_ens": 1.8139220902585094, "beta_ens": 1.1458183136591849}